{
  "mean_acc": 0.9065420560747665,
  "std_acc": 0.004495754139447072,
  "per_seed": [
    0.9107901444350043,
    0.907391673746814,
    0.9014443500424809,
    0.9107901444350043,
    0.9022939677145284
  ],
  "snr_db": -2.0,
  "backbone": "sksvm",
  "n_seeds": 5
}