{
  "fold_tag": "fold0_Bearing3_1",
  "seed": 2,
  "best_macro_recall": 0.15649801587301587,
  "best_macro_f1": 0.23838307517944846,
  "best_per_class_recall": [
    0.31299603174603174,
    0.0
  ],
  "elapsed_s": 200.26381015777588
}