{
  "fold_tag": "fold3_Bearing3_5",
  "seed": 2,
  "best_macro_recall": 0.29435483870967744,
  "best_macro_f1": 0.37055837563451777,
  "best_per_class_recall": [
    0.5887096774193549,
    0.0
  ],
  "elapsed_s": 221.13942575454712
}