{
  "mean_acc": 0.766355140186916,
  "std_acc": 0.010195412064570936,
  "per_seed": [
    0.7536108751062022,
    0.7672047578589635,
    0.7816482582837723,
    0.7672047578589635,
    0.762107051826678
  ],
  "snr_db": -6.0,
  "backbone": "sksvm",
  "n_seeds": 5
}