{
  "mode": "cross",
  "config": "exp_e1b_xjtu_cross_single_bm2_newseed",
  "lambda_kin": 0.0,
  "train_condition": "37.5Hz11kN",
  "test_condition": "40Hz10kN",
  "seeds": [
    5,
    6,
    7
  ],
  "macro_f1s": [
    0.5886431763729353,
    0.5171752141616169,
    0.5696804330170685
  ],
  "macro_recalls": [
    0.6032110091743119,
    0.5599197247706422,
    0.5911697247706422
  ],
  "mean_macro_f1": 0.5584996078505403,
  "std_macro_f1": 0.03702263556546131,
  "mean_macro_recall": 0.5847668195718655,
  "std_macro_recall": 0.022344612831021387
}