{
  "mean_acc": 0.84214103653356,
  "std_acc": 0.008397902323297596,
  "per_seed": [
    0.8445199660152931,
    0.8317757009345794,
    0.8547153780798641,
    0.8402718776550552,
    0.8394222599830077
  ],
  "snr_db": -4.0,
  "backbone": "sksvm",
  "n_seeds": 5
}