{
  "mode": "cross",
  "config": "exp_xjtu_cross_dual_nokin_newseed",
  "lambda_kin": 0.0,
  "train_condition": "37.5Hz11kN",
  "test_condition": "40Hz10kN",
  "seeds": [
    5,
    6,
    7
  ],
  "macro_f1s": [
    0.9598178218554876,
    0.995477633700394,
    0.8518795651907041
  ],
  "macro_recalls": [
    0.9478211009174312,
    0.9939793577981652,
    0.8229651041012107
  ],
  "mean_macro_f1": 0.9357250069155286,
  "std_macro_f1": 0.07476930599334687,
  "mean_macro_recall": 0.9215885209389357,
  "std_macro_recall": 0.0884736114959014
}