{
  "mean_acc": 0.9964316057774001,
  "std_acc": 0.0013960642927064752,
  "per_seed": [
    0.9949022939677146,
    0.9974511469838573,
    0.9957519116397621,
    0.9983007646559049,
    0.9957519116397621
  ],
  "snr_db": null,
  "backbone": "sksvm",
  "n_seeds": 5
}