{
  "mean_acc": 0.658623619371283,
  "std_acc": 0.007269073793103671,
  "per_seed": [
    0.6576040781648258,
    0.6508071367884452,
    0.6661002548853017,
    0.6661002548853017,
    0.6525063721325404
  ],
  "snr_db": -8.0,
  "backbone": "sksvm",
  "n_seeds": 5
}