{
  "fold_tag": "fold3_Bearing3_5",
  "seed": 4,
  "best_macro_recall": 0.25100806451612906,
  "best_macro_f1": 0.3342281879194631,
  "best_per_class_recall": [
    0.5020161290322581,
    0.0
  ],
  "elapsed_s": 262.45263028144836
}