{
  "fold_tag": "fold0_Bearing3_1",
  "seed": 0,
  "best_macro_recall": 0.49875992063492064,
  "best_macro_f1": 0.4993791904643655,
  "best_per_class_recall": [
    0.9975198412698413,
    0.0
  ],
  "elapsed_s": 252.8051242828369
}