{
  "fold_tag": "fold3_Bearing3_5",
  "seed": 0,
  "best_macro_recall": 0.32426075268817206,
  "best_macro_f1": 0.39339584182633514,
  "best_per_class_recall": [
    0.6485215053763441,
    0.0
  ],
  "elapsed_s": 238.00247025489807
}