{
  "fold_tag": "fold2_Bearing3_4",
  "seed": 0,
  "best_macro_recall": 0.4810126582278481,
  "best_macro_f1": 0.4903225806451613,
  "best_per_class_recall": [
    0.0,
    0.9620253164556962
  ],
  "elapsed_s": 252.71553897857666
}