{
  "fold_tag": "fold3_Bearing3_5",
  "seed": 2,
  "best_macro_recall": 0.3581989247311828,
  "best_macro_f1": 0.4173844949099452,
  "best_per_class_recall": [
    0.7163978494623656,
    0.0
  ],
  "elapsed_s": 252.5896553993225
}