{
  "mean_acc": 0.9500424808836023,
  "std_acc": 0.002646119201766773,
  "per_seed": [
    0.9515717926932881,
    0.9473237043330501,
    0.9473237043330501,
    0.9532710280373832,
    0.9507221750212405
  ],
  "snr_db": 0.0,
  "backbone": "sksvm",
  "n_seeds": 5
}