{
  "fold_tag": "fold2_Bearing3_4",
  "seed": 2,
  "best_macro_recall": 0.49050632911392406,
  "best_macro_f1": 0.49520766773162944,
  "best_per_class_recall": [
    0.0,
    0.9810126582278481
  ],
  "elapsed_s": 299.05894684791565
}