{
  "fold_tag": "fold2_Bearing3_4",
  "seed": 4,
  "best_macro_recall": 0.4885284810126582,
  "best_macro_f1": 0.49419767907162865,
  "best_per_class_recall": [
    0.0,
    0.9770569620253164
  ],
  "elapsed_s": 286.424756526947
}