{
  "fold_tag": "fold3_Bearing3_5",
  "seed": 3,
  "best_macro_recall": 0.23319892473118278,
  "best_macro_f1": 0.31805682859761686,
  "best_per_class_recall": [
    0.46639784946236557,
    0.0
  ],
  "elapsed_s": 277.9998469352722
}