{
  "fold_tag": "fold3_Bearing3_5",
  "seed": 0,
  "best_macro_recall": 0.28998655913978494,
  "best_macro_f1": 0.36707783921735426,
  "best_per_class_recall": [
    0.5799731182795699,
    0.0
  ],
  "elapsed_s": 291.75421261787415
}