{
  "fold_tag": "fold2_Bearing3_4",
  "seed": 0,
  "best_macro_recall": 0.49683544303797467,
  "best_macro_f1": 0.4984126984126984,
  "best_per_class_recall": [
    0.0,
    0.9936708860759493
  ],
  "elapsed_s": 305.1775107383728
}