{
  "fold_tag": "fold3_Bearing3_5",
  "seed": 4,
  "best_macro_recall": 0.364247311827957,
  "best_macro_f1": 0.4214618973561431,
  "best_per_class_recall": [
    0.728494623655914,
    0.0
  ],
  "elapsed_s": 50.492748498916626
}