{
  "fold_tag": "fold3_Bearing3_5",
  "seed": 2,
  "best_macro_recall": 0.48286290322580644,
  "best_macro_f1": 0.49128205128205127,
  "best_per_class_recall": [
    0.9657258064516129,
    0.0
  ],
  "elapsed_s": 54.2732412815094
}