{
  "BearMamba-3 (SISO)": {
    "params": 178068,
    "bs1_mean_ms": 5.4294618393760175,
    "bs1_std_ms": 1.3042610263425398,
    "bs64_mean_ms": 17.690154317533597,
    "bs64_std_ms": 1.065172590098918
  },
  "BearMamba-3 (MIMO r=4, fwd-only)": {
    "params": 386964,
    "bs1_mean_ms": 4.446777468547225,
    "bs1_std_ms": 0.8454971943564218,
    "bs64_mean_ms": 27.312388077843934,
    "bs64_std_ms": 1.4047924408635122
  },
  "BearMamba-2": {
    "params": 173980,
    "bs1_mean_ms": 4.060839174780995,
    "bs1_std_ms": 0.19577791604643435,
    "bs64_mean_ms": 13.177224503597245,
    "bs64_std_ms": 0.081760018777262
  },
  "1D-CNN": {
    "params": 100676,
    "bs1_mean_ms": 0.9773271752055734,
    "bs1_std_ms": 0.11685915205431216,
    "bs64_mean_ms": 2.808765636291355,
    "bs64_std_ms": 0.1492260308499084
  },
  "Transformer-1D": {
    "params": 200900,
    "bs1_mean_ms": 1.531284045195207,
    "bs1_std_ms": 0.056813608557856894,
    "bs64_mean_ms": 68.33588952198625,
    "bs64_std_ms": 2.343269483853135
  }
}