{
  "fold_tag": "fold0_Bearing3_1",
  "seed": 1,
  "best_macro_recall": 0.18303571428571427,
  "best_macro_f1": 0.2679738562091503,
  "best_per_class_recall": [
    0.36607142857142855,
    0.0
  ],
  "elapsed_s": 240.4392216205597
}