{
  "fold_tag": "fold0_Bearing3_1",
  "seed": 3,
  "best_macro_recall": 0.23139880952380953,
  "best_macro_f1": 0.31637843336724314,
  "best_per_class_recall": [
    0.46279761904761907,
    0.0
  ],
  "elapsed_s": 248.52540111541748
}