{
  "fold_tag": "fold3_Bearing3_5",
  "seed": 2,
  "best_macro_recall": 0.29838709677419356,
  "best_macro_f1": 0.37373737373737376,
  "best_per_class_recall": [
    0.5967741935483871,
    0.0
  ],
  "elapsed_s": 269.31283497810364
}