{
  "fold_tag": "fold3_Bearing3_5",
  "seed": 1,
  "best_macro_recall": 0.022513440860215055,
  "best_macro_f1": 0.04308681672025724,
  "best_per_class_recall": [
    0.04502688172043011,
    0.0
  ],
  "elapsed_s": 266.826810836792
}