{
  "fold_tag": "fold3_Bearing3_5",
  "seed": 4,
  "best_macro_recall": 0.41969086021505375,
  "best_macro_f1": 0.45633905736207525,
  "best_per_class_recall": [
    0.8393817204301075,
    0.0
  ],
  "elapsed_s": 270.76088404655457
}