{
  "fold_tag": "fold3_Bearing3_5",
  "seed": 0,
  "best_macro_recall": 0.3299731182795699,
  "best_macro_f1": 0.39757085020242916,
  "best_per_class_recall": [
    0.6599462365591398,
    0.0
  ],
  "elapsed_s": 272.4334933757782
}