{
  "fold_tag": "fold0_Bearing3_1",
  "seed": 4,
  "best_macro_recall": 0.3834325396825397,
  "best_macro_f1": 0.4340258281864121,
  "best_per_class_recall": [
    0.7668650793650794,
    0.0
  ],
  "elapsed_s": 243.76384329795837
}