{
  "mode": "cross",
  "config": "exp_e1b_xjtu_cross_dual_cnn_newseed",
  "lambda_kin": 0.0,
  "train_condition": "37.5Hz11kN",
  "test_condition": "40Hz10kN",
  "seeds": [
    5,
    6,
    7
  ],
  "macro_f1s": [
    0.5207008014077235,
    0.638616798590664,
    0.8509986790166925
  ],
  "macro_recalls": [
    0.5619266055045872,
    0.6370412844036697,
    0.8219610091743119
  ],
  "mean_macro_f1": 0.67010542633836,
  "std_macro_f1": 0.16738525098204468,
  "mean_macro_recall": 0.6736429663608563,
  "std_macro_recall": 0.13382539039561445
}